Company,Percentage,Count,Gender,Race,job_category
Adobe,0.0418877408545099,3,Male,Hispanic_or_Latino,Executives
Adobe,0.781904495950852,56,Male,White,Executives
Adobe,0,0,Male,Black_or_African_American,Executives
Adobe,0.20943870427255,15,Male,Asian,Executives
Adobe,0.0139625802848366,1,Male,Minorities ,Executives
Adobe,0,0,Female,Hispanic_or_Latino,Executives
Adobe,0.20943870427255,15,Female,White,Executives
Adobe,0,0,Female,Black_or_African_American,Executives
Adobe,0.0418877408545099,3,Female,Asian,Executives
Adobe,0,0,Female,Minorities ,Executives
Adobe,0.712091594526669,51,Male,Hispanic_or_Latino,Managers
Adobe,16.7132086009495,1197,Male,White,Managers
Adobe,0.363027087405753,26,Male,Black_or_African_American,Managers
Adobe,4.32839988829936,310,Male,Asian,Managers
Adobe,0.195476123987713,14,Male,Minorities ,Managers
Adobe,0.698129014241832,50,Female,Hispanic_or_Latino,Managers
Adobe,7.45601787210276,534,Female,White,Managers
Adobe,0.12566322256353,9,Female,Black_or_African_American,Managers
Adobe,3.40686958950014,244,Female,Asian,Managers
Adobe,0.181513543702876,13,Female,Minorities ,Managers
Adobe,1.04719352136275,75,Male,Hispanic_or_Latino,Professionals
Adobe,18.5004188774085,1325,Male,White,Professionals
Adobe,0.349064507120916,25,Male,Black_or_African_American,Professionals
Adobe,9.39681653169506,673,Male,Asian,Professionals
Adobe,0.516615470538956,37,Male,Minorities ,Professionals
Adobe,0.837754817090198,60,Female,Hispanic_or_Latino,Professionals
Adobe,5.62691985478916,403,Female,White,Professionals
Adobe,0.251326445127059,18,Female,Black_or_African_American,Professionals
Adobe,5.47333147165596,392,Female,Asian,Professionals
Adobe,0.279251605696733,20,Female,Minorities ,Professionals
Adobe,0.572465791678302,41,Male,Hispanic_or_Latino,Supportive workers
Adobe,11.7006422786931,838,Male,White,Supportive workers
Adobe,0.404914828260263,29,Male,Black_or_African_American,Supportive workers
Adobe,1.71739737503491,123,Male,Asian,Supportive workers
Adobe,0.279251605696733,20,Male,Minorities ,Supportive workers
Adobe,0.753979335381178,54,Female,Hispanic_or_Latino,Supportive workers
Adobe,5.37559340966211,385,Female,White,Supportive workers
Adobe,0.139625802848366,10,Female,Black_or_African_American,Supportive workers
Adobe,1.13096900307177,81,Female,Asian,Supportive workers
Adobe,0.16755096341804,12,Female,Minorities ,Supportive workers
Airbnb,0.104329681794471,2,Male,Hispanic_or_Latino,Executives
Airbnb,2.39958268127282,46,Male,White,Executives
Airbnb,0.104329681794471,2,Male,Black_or_African_American,Executives
Airbnb,0.834637454355764,16,Male,Asian,Executives
Airbnb,0.104329681794471,2,Male,Minorities ,Executives
Airbnb,0.0521648408972353,1,Female,Hispanic_or_Latino,Executives
Airbnb,1.04329681794471,20,Female,White,Executives
Airbnb,0,0,Female,Black_or_African_American,Executives
Airbnb,0.417318727177882,8,Female,Asian,Executives
Airbnb,0,0,Female,Minorities ,Executives
Airbnb,0.469483568075117,9,Male,Hispanic_or_Latino,Managers
Airbnb,5.37297861241523,103,Male,White,Managers
Airbnb,0.312989045383412,6,Male,Black_or_African_American,Managers
Airbnb,1.98226395409494,38,Male,Asian,Managers
Airbnb,0.469483568075117,9,Male,Minorities ,Managers
Airbnb,0.417318727177882,8,Female,Hispanic_or_Latino,Managers
Airbnb,4.74700052164841,91,Female,White,Managers
Airbnb,0.156494522691706,3,Female,Black_or_African_American,Managers
Airbnb,1.30412102243088,25,Female,Asian,Managers
Airbnb,0.156494522691706,3,Female,Minorities ,Managers
Airbnb,1.35628586332812,26,Male,Hispanic_or_Latino,Professionals
Airbnb,18.3620239958268,352,Male,White,Professionals
Airbnb,0.782472613458529,15,Male,Black_or_African_American,Professionals
Airbnb,14.5539906103286,279,Male,Asian,Professionals
Airbnb,0.938967136150235,18,Male,Minorities ,Professionals
Airbnb,1.72143974960876,33,Female,Hispanic_or_Latino,Professionals
Airbnb,11.1632759520083,214,Female,White,Professionals
Airbnb,0.834637454355764,16,Female,Black_or_African_American,Professionals
Airbnb,8.92018779342723,171,Female,Asian,Professionals
Airbnb,0.573813249869588,11,Female,Minorities ,Professionals
Airbnb,0.99113197704747,19,Male,Hispanic_or_Latino,Supportive workers
Airbnb,5.52947313510694,106,Male,White,Supportive workers
Airbnb,0.417318727177882,8,Male,Black_or_African_American,Supportive workers
Airbnb,1.30412102243088,25,Male,Asian,Supportive workers
Airbnb,0.730307772561294,14,Male,Minorities ,Supportive workers
Airbnb,1.35628586332812,26,Female,Hispanic_or_Latino,Supportive workers
Airbnb,7.981220657277,153,Female,White,Supportive workers
Airbnb,0.312989045383412,6,Female,Black_or_African_American,Supportive workers
Airbnb,1.09546165884194,21,Female,Asian,Supportive workers
Airbnb,0.625978090766823,12,Female,Minorities ,Supportive workers
Apple,0.00259094206653539,2,Male,Hispanic_or_Latino,Executives
Apple,0.0945693854285418,73,Male,White,Executives
Apple,0.00259094206653539,2,Male,Black_or_African_American,Executives
Apple,0.012954710332677,10,Male,Asian,Executives
Apple,0,0,Male,Minorities ,Executives
Apple,0,0,Female,Hispanic_or_Latino,Executives
Apple,0.0194320654990154,15,Female,White,Executives
Apple,0.0012954710332677,1,Female,Black_or_African_American,Executives
Apple,0.00518188413307078,4,Female,Asian,Executives
Apple,0,0,Female,Minorities ,Executives
Apple,0.532438594673023,411,Male,Hispanic_or_Latino,Managers
Apple,5.05622344284382,3903,Male,White,Managers
Apple,0.222821017722044,172,Male,Black_or_African_American,Managers
Apple,1.79940926520883,1389,Male,Asian,Managers
Apple,0.103637682661416,80,Male,Minorities ,Managers
Apple,0.193025183956887,149,Female,Hispanic_or_Latino,Managers
Apple,1.86677375893875,1441,Female,White,Managers
Apple,0.150274639859053,116,Female,Black_or_African_American,Managers
Apple,0.647735516633848,500,Female,Asian,Managers
Apple,0.0570007254637786,44,Female,Minorities ,Managers
Apple,1.03508135558089,799,Male,Hispanic_or_Latino,Professionals
Apple,11.6747849518085,9012,Male,White,Professionals
Apple,0.353663592082081,273,Male,Black_or_African_American,Professionals
Apple,9.03202404394238,6972,Male,Asian,Professionals
Apple,0.307026634884444,237,Male,Minorities ,Professionals
Apple,0.49486993470826,382,Female,Hispanic_or_Latino,Professionals
Apple,3.41356617266038,2635,Female,White,Professionals
Apple,0.164524821224997,127,Female,Black_or_African_American,Professionals
Apple,3.43299823815939,2650,Female,Asian,Professionals
Apple,0.14638822675925,113,Female,Minorities ,Professionals
Apple,6.59135661726604,5088,Male,Hispanic_or_Latino,Supportive workers
Apple,23.4907762462431,18133,Male,White,Supportive workers
Apple,4.7362420976267,3656,Male,Black_or_African_American,Supportive workers
Apple,2.78526272152555,2150,Male,Asian,Supportive workers
Apple,1.41724531039486,1094,Male,Minorities ,Supportive workers
Apple,3.42004352782672,2640,Female,Hispanic_or_Latino,Supportive workers
Apple,10.5140429060006,8116,Female,White,Supportive workers
Apple,3.52368121048813,2720,Female,Black_or_African_American,Supportive workers
Apple,1.76572701834387,1363,Female,Asian,Supportive workers
Apple,0.932739143952741,720,Female,Minorities ,Supportive workers
Cisco,0.0106592762351436,4,Male,Hispanic_or_Latino,Executives
Cisco,0.477002611522678,179,Male,White,Executives
Cisco,0.0106592762351436,4,Male,Black_or_African_American,Executives
Cisco,0.141235410115653,53,Male,Asian,Executives
Cisco,0.0106592762351436,4,Male,Minorities ,Executives
Cisco,0.0106592762351436,4,Female,Hispanic_or_Latino,Executives
Cisco,0.11725203858658,44,Female,White,Executives
Cisco,0.00532963811757182,2,Female,Black_or_African_American,Executives
Cisco,0.0346426477642168,13,Female,Asian,Executives
Cisco,0,0,Female,Minorities ,Executives
Cisco,0.479667430581463,180,Male,Hispanic_or_Latino,Managers
Cisco,7.37621915471939,2768,Male,White,Managers
Cisco,0.226509619996802,85,Male,Black_or_African_American,Managers
Cisco,3.35500719501146,1259,Male,Asian,Managers
Cisco,0.101263124233865,38,Male,Minorities ,Managers
Cisco,0.237168896231946,89,Female,Hispanic_or_Latino,Managers
Cisco,2.07322922773544,778,Female,White,Managers
Cisco,0.106592762351436,40,Female,Black_or_African_American,Managers
Cisco,0.948675584927783,356,Female,Asian,Managers
Cisco,0.0426371049405745,16,Female,Minorities ,Managers
Cisco,2.39300751478975,898,Male,Hispanic_or_Latino,Professionals
Cisco,26.0192932899856,9764,Male,White,Professionals
Cisco,1.63619890209455,614,Male,Black_or_African_American,Professionals
Cisco,21.870170015456,8207,Male,Asian,Professionals
Cisco,0.655545488461333,246,Male,Minorities ,Professionals
Cisco,0.93801630869264,352,Female,Hispanic_or_Latino,Professionals
Cisco,7.6400362415392,2867,Female,White,Professionals
Cisco,0.927357032457496,348,Female,Black_or_African_American,Professionals
Cisco,8.69796940787721,3264,Female,Asian,Professionals
Cisco,0.269146724937377,101,Female,Minorities ,Professionals
Cisco,0.551617545168683,207,Male,Hispanic_or_Latino,Supportive workers
Cisco,7.43750999307147,2791,Male,White,Supportive workers
Cisco,0.322443106113095,121,Male,Black_or_African_American,Supportive workers
Cisco,0.540958268933539,203,Male,Asian,Supportive workers
Cisco,0.149229867292011,56,Male,Minorities ,Supportive workers
Cisco,0.477002611522678,179,Female,Hispanic_or_Latino,Supportive workers
Cisco,3.07253637478015,1153,Female,White,Supportive workers
Cisco,0.183872515056228,69,Female,Black_or_African_American,Supportive workers
Cisco,0.362415391994884,136,Female,Asian,Supportive workers
Cisco,0.0906038479987209,34,Female,Minorities ,Supportive workers
eBay,0.0302526092875511,2,Male,Hispanic_or_Latino,Executives
eBay,0.559673271819695,37,Male,White,Executives
eBay,0.0151263046437755,1,Male,Black_or_African_American,Executives
eBay,0.105884132506429,7,Male,Asian,Executives
eBay,0.0151263046437755,1,Male,Minorities ,Executives
eBay,0,0,Female,Hispanic_or_Latino,Executives
eBay,0.257147178944184,17,Female,White,Executives
eBay,0.0151263046437755,1,Female,Black_or_African_American,Executives
eBay,0.0605052185751021,4,Female,Asian,Executives
eBay,0,0,Female,Minorities ,Executives
eBay,0.499168053244592,33,Male,Hispanic_or_Latino,Managers
eBay,8.83376191196491,584,Male,White,Managers
eBay,0.226894569656633,15,Male,Black_or_African_American,Managers
eBay,4.76478596278929,315,Male,Asian,Managers
eBay,0.151263046437755,10,Male,Minorities ,Managers
eBay,0.302526092875511,20,Female,Hispanic_or_Latino,Managers
eBay,5.49084858569052,363,Female,White,Managers
eBay,0.242020874300408,16,Female,Black_or_African_American,Managers
eBay,2.82861896838602,187,Female,Asian,Managers
eBay,0.166389351081531,11,Female,Minorities ,Managers
eBay,0.695810013613674,46,Male,Hispanic_or_Latino,Professionals
eBay,14.1733474512177,937,Male,White,Professionals
eBay,0.302526092875511,20,Male,Black_or_African_American,Professionals
eBay,21.0709423687793,1393,Male,Asian,Professionals
eBay,0.332778702163062,22,Male,Minorities ,Professionals
eBay,0.635304795038572,42,Female,Hispanic_or_Latino,Professionals
eBay,5.30933292996521,351,Female,White,Professionals
eBay,0.121010437150204,8,Female,Black_or_African_American,Professionals
eBay,8.93964604447134,591,Female,Asian,Professionals
eBay,0.181515655725306,12,Female,Minorities ,Professionals
eBay,1.10422023899561,73,Male,Hispanic_or_Latino,Supportive workers
eBay,9.52957192557858,630,Male,White,Supportive workers
eBay,0.605052185751021,40,Male,Black_or_African_American,Supportive workers
eBay,0.907578278626532,60,Male,Asian,Supportive workers
eBay,0.181515655725306,12,Male,Minorities ,Supportive workers
eBay,1.01346241113296,67,Female,Hispanic_or_Latino,Supportive workers
eBay,8.57661473302072,567,Female,White,Supportive workers
eBay,0.650431099682348,43,Female,Black_or_African_American,Supportive workers
eBay,0.71093631825745,47,Female,Asian,Supportive workers
eBay,0.393283920738164,26,Female,Minorities ,Supportive workers
Facebook,0.0800640512409928,9,Male,Hispanic_or_Latino,Executives
Facebook,2.25958544613469,254,Male,White,Executives
Facebook,0.115648074014767,13,Male,Black_or_African_American,Executives
Facebook,0.65830442131483,74,Male,Asian,Executives
Facebook,0.0622720398541055,7,Male,Minorities ,Executives
Facebook,0.0622720398541055,7,Female,Hispanic_or_Latino,Executives
Facebook,0.836224535183703,94,Female,White,Executives
Facebook,0.0355840227737746,4,Female,Black_or_African_American,Executives
Facebook,0.266880170803309,30,Female,Asian,Executives
Facebook,0.0355840227737746,4,Female,Minorities ,Executives
Facebook,0.355840227737746,40,Male,Hispanic_or_Latino,Managers
Facebook,6.17382795124989,694,Male,White,Managers
Facebook,0.160128102481986,18,Male,Black_or_African_American,Managers
Facebook,2.8734098389823,323,Male,Asian,Managers
Facebook,0.364736233431189,41,Male,Minorities ,Managers
Facebook,0.169024108175429,19,Female,Hispanic_or_Latino,Managers
Facebook,2.5887376567921,291,Female,White,Managers
Facebook,0.0978560626278801,11,Female,Black_or_African_American,Managers
Facebook,1.39667289387065,157,Female,Asian,Managers
Facebook,0.186816119562317,21,Female,Minorities ,Managers
Facebook,1.85926518992972,209,Male,Hispanic_or_Latino,Professionals
Facebook,25.1756961124455,2830,Male,White,Professionals
Facebook,0.898496575037808,101,Male,Black_or_African_American,Professionals
Facebook,21.7062538920025,2440,Male,Asian,Professionals
Facebook,1.3255048483231,149,Male,Minorities ,Professionals
Facebook,1.183168757228,133,Female,Hispanic_or_Latino,Professionals
Facebook,8.7447735966551,983,Female,White,Professionals
Facebook,0.622720398541055,70,Female,Black_or_African_American,Professionals
Facebook,9.89235833110933,1112,Female,Asian,Professionals
Facebook,0.747264478249266,84,Female,Minorities ,Professionals
Facebook,0.29356818788364,33,Male,Hispanic_or_Latino,Supportive workers
Facebook,3.01574593007739,339,Male,White,Supportive workers
Facebook,0.177920113868873,20,Male,Black_or_African_American,Supportive workers
Facebook,0.622720398541055,70,Male,Asian,Supportive workers
Facebook,0.106752068321324,12,Male,Minorities ,Supportive workers
Facebook,0.471488301752513,53,Female,Hispanic_or_Latino,Supportive workers
Facebook,2.97126590161018,334,Female,White,Supportive workers
Facebook,0.19571212525576,22,Female,Black_or_African_American,Supportive workers
Facebook,0.898496575037808,101,Female,Asian,Supportive workers
Facebook,0.311360199270528,35,Female,Minorities ,Supportive workers
Google,0,0,Male,Hispanic_or_Latino,Executives
Google,0.0427715996578272,20,Male,White,Executives
Google,0.00213857998289136,1,Male,Black_or_African_American,Executives
Google,0.0128314798973482,6,Male,Asian,Executives
Google,0,0,Male,Minorities ,Executives
Google,0,0,Female,Hispanic_or_Latino,Executives
Google,0.00855431993156544,4,Female,White,Executives
Google,0,0,Female,Black_or_African_American,Executives
Google,0,0,Female,Asian,Executives
Google,0,0,Female,Minorities ,Executives
Google,0.727117194183062,340,Male,Hispanic_or_Latino,Managers
Google,9.50384944396921,4444,Male,White,Managers
Google,0.28229255774166,132,Male,Black_or_African_American,Managers
Google,3.71685201026518,1738,Male,Asian,Managers
Google,0.243798118049615,114,Male,Minorities ,Managers
Google,0.421300256629598,197,Female,Hispanic_or_Latino,Managers
Google,5.05774165953807,2365,Female,White,Managers
Google,0.260906757912746,122,Female,Black_or_African_American,Managers
Google,2.54277159965783,1189,Female,Asian,Managers
Google,0.196749358426005,92,Female,Minorities ,Managers
Google,2.36740804106074,1107,Male,Hispanic_or_Latino,Professionals
Google,29.6899059024808,13883,Male,White,Professionals
Google,0.840461933276304,393,Male,Black_or_African_American,Professionals
Google,18.4388366124893,8622,Male,Asian,Professionals
Google,0.92814371257485,434,Male,Minorities ,Professionals
Google,0.804106073567151,376,Female,Hispanic_or_Latino,Professionals
Google,7.06159110350727,3302,Female,White,Professionals
Google,0.479041916167665,224,Female,Black_or_African_American,Professionals
Google,7.50427715996578,3509,Female,Asian,Professionals
Google,0.517536355859709,242,Female,Minorities ,Professionals
Google,0.399914456800684,187,Male,Hispanic_or_Latino,Supportive workers
Google,2.73310521813516,1278,Male,White,Supportive workers
Google,0.265183917878529,124,Male,Black_or_African_American,Supportive workers
Google,0.508982035928144,238,Male,Asian,Supportive workers
Google,0.12617621899059,59,Male,Minorities ,Supportive workers
Google,0.434131736526946,203,Female,Hispanic_or_Latino,Supportive workers
Google,2.76090675791275,1291,Female,White,Supportive workers
Google,0.222412318220701,104,Female,Black_or_African_American,Supportive workers
Google,0.739948674080411,346,Female,Asian,Supportive workers
Google,0.158254918733961,74,Female,Minorities ,Supportive workers
HP Inc.,0.0734591934180563,10,Male,Hispanic_or_Latino,Executives
HP Inc.,0.954969514434732,130,Male,White,Executives
HP Inc.,0.00734591934180563,1,Male,Black_or_African_American,Executives
HP Inc.,0.11753470946889,16,Male,Asian,Executives
HP Inc.,0.00734591934180563,1,Male,Minorities ,Executives
HP Inc.,0.0220377580254169,3,Female,Hispanic_or_Latino,Executives
HP Inc.,0.323220451039448,44,Female,White,Executives
HP Inc.,0.0146918386836113,2,Female,Black_or_African_American,Executives
HP Inc.,0.0220377580254169,3,Female,Asian,Executives
HP Inc.,0,0,Female,Minorities ,Executives
HP Inc.,0.82274296628223,112,Male,Hispanic_or_Latino,Managers
HP Inc.,7.97766840520091,1086,Male,White,Managers
HP Inc.,0.190993902886946,26,Male,Black_or_African_American,Managers
HP Inc.,1.11657973995446,152,Male,Asian,Managers
HP Inc.,0.0954969514434732,13,Male,Minorities ,Managers
HP Inc.,0.323220451039448,44,Female,Hispanic_or_Latino,Managers
HP Inc.,3.136707558951,427,Female,White,Managers
HP Inc.,0.11753470946889,16,Female,Black_or_African_American,Managers
HP Inc.,0.484830676559171,66,Female,Asian,Managers
HP Inc.,0.0514214353926394,7,Female,Minorities ,Managers
HP Inc.,2.10093293175641,286,Male,Hispanic_or_Latino,Professionals
HP Inc.,26.570190259311,3617,Male,White,Professionals
HP Inc.,0.881510321016675,120,Male,Black_or_African_American,Professionals
HP Inc.,5.41394255491075,737,Male,Asian,Professionals
HP Inc.,0.646440902078895,88,Male,Minorities ,Professionals
HP Inc.,1.38837875560126,189,Female,Hispanic_or_Latino,Professionals
HP Inc.,12.2309557041064,1665,Female,White,Professionals
HP Inc.,0.837434804965841,114,Female,Black_or_African_American,Professionals
HP Inc.,3.24689634907809,442,Female,Asian,Professionals
HP Inc.,0.271799015646808,37,Female,Minorities ,Professionals
HP Inc.,2.3506941893778,320,Male,Hispanic_or_Latino,Supportive workers
HP Inc.,16.403437890252,2233,Male,White,Supportive workers
HP Inc.,1.38103283625946,188,Male,Black_or_African_American,Supportive workers
HP Inc.,1.24146036876515,169,Male,Asian,Supportive workers
HP Inc.,0.646440902078895,88,Male,Minorities ,Supportive workers
HP Inc.,0.903548079042092,123,Female,Hispanic_or_Latino,Supportive workers
HP Inc.,6.34687431132006,864,Female,White,Supportive workers
HP Inc.,0.381987805773893,52,Female,Black_or_African_American,Supportive workers
HP Inc.,0.631749063395284,86,Female,Asian,Supportive workers
HP Inc.,0.264453096305003,36,Female,Minorities ,Supportive workers
HPE,0.0346227086499067,18,Male,Hispanic_or_Latino,Executives
HPE,0.811710169458924,422,Male,White,Executives
HPE,0.0115409028833022,6,Male,Black_or_African_American,Executives
HPE,0.0904037392525342,47,Male,Asian,Executives
HPE,0.00577045144165112,3,Male,Minorities ,Executives
HPE,0.00192348381388371,1,Female,Hispanic_or_Latino,Executives
HPE,0.167343091807882,87,Female,White,Executives
HPE,0.00769393525553482,4,Female,Black_or_African_American,Executives
HPE,0.0192348381388371,10,Female,Asian,Executives
HPE,0.00192348381388371,1,Female,Minorities ,Executives
HPE,0.305833926407509,159,Male,Hispanic_or_Latino,Managers
HPE,6.54369193483237,3402,Male,White,Managers
HPE,0.263517282502068,137,Male,Black_or_African_American,Managers
HPE,0.850179845736598,442,Male,Asian,Managers
HPE,0.0827098039969994,43,Male,Minorities ,Managers
HPE,0.15580218892458,81,Female,Hispanic_or_Latino,Managers
HPE,2.63901979264844,1372,Female,White,Managers
HPE,0.219277154782742,114,Female,Black_or_African_American,Managers
HPE,0.315451345476928,164,Female,Asian,Managers
HPE,0.0500105791609764,26,Female,Minorities ,Managers
HPE,2.67748946892612,1392,Male,Hispanic_or_Latino,Professionals
HPE,31.4528073246264,16352,Male,White,Professionals
HPE,2.36396160726307,1229,Male,Black_or_African_American,Professionals
HPE,6.79182134682337,3531,Male,Asian,Professionals
HPE,0.665525399603762,346,Male,Minorities ,Professionals
HPE,1.19063648079401,619,Female,Hispanic_or_Latino,Professionals
HPE,15.1358941314509,7869,Female,White,Professionals
HPE,1.80999826886457,941,Female,Black_or_African_American,Professionals
HPE,3.19683009867472,1662,Female,Asian,Professionals
HPE,0.350074054126835,182,Female,Minorities ,Professionals
HPE,0.796322298947854,414,Male,Hispanic_or_Latino,Supportive workers
HPE,10.6426359422185,5533,Male,White,Supportive workers
HPE,1.17909557791071,613,Male,Black_or_African_American,Supportive workers
HPE,1.04829867856662,545,Male,Asian,Supportive workers
HPE,0.307757410221393,160,Male,Minorities ,Supportive workers
HPE,0.582815595606763,303,Female,Hispanic_or_Latino,Supportive workers
HPE,5.25880474715805,2734,Female,White,Supportive workers
HPE,1.32720383157976,690,Female,Black_or_African_American,Supportive workers
HPE,0.448171728634904,233,Female,Asian,Supportive workers
HPE,0.196195349016138,102,Female,Minorities ,Supportive workers
Intel,0.00184723376743327,1,Male,Hispanic_or_Latino,Executives
Intel,0.136695298790062,74,Male,White,Executives
Intel,0.00369446753486654,2,Male,Black_or_African_American,Executives
Intel,0.027708506511499,15,Male,Asian,Executives
Intel,0,0,Male,Minorities ,Executives
Intel,0,0,Female,Hispanic_or_Latino,Executives
Intel,0.020319571441766,11,Female,White,Executives
Intel,0.00184723376743327,1,Female,Black_or_African_American,Executives
Intel,0.00369446753486654,2,Female,Asian,Executives
Intel,0,0,Female,Minorities ,Executives
Intel,0.594809273113513,322,Male,Hispanic_or_Latino,Managers
Intel,5.86127274406576,3173,Male,White,Managers
Intel,0.262307194975524,142,Male,Black_or_African_American,Managers
Intel,2.68957236538284,1456,Male,Asian,Managers
Intel,0.158862103999261,86,Male,Minorities ,Managers
Intel,0.199501246882793,108,Female,Hispanic_or_Latino,Managers
Intel,1.74563591022444,945,Female,White,Managers
Intel,0.0923616883716634,50,Female,Black_or_African_American,Managers
Intel,0.740740740740741,401,Female,Asian,Managers
Intel,0.0554170130229981,30,Female,Minorities ,Managers
Intel,3.05532465133463,1654,Male,Hispanic_or_Latino,Professionals
Intel,22.8170314953357,12352,Male,White,Professionals
Intel,1.64588528678304,891,Male,Black_or_African_American,Professionals
Intel,20.3047935716265,10992,Male,Asian,Professionals
Intel,0.748129675810474,405,Male,Minorities ,Professionals
Intel,1.15082663711093,623,Female,Hispanic_or_Latino,Professionals
Intel,6.53181860164404,3536,Female,White,Professionals
Intel,0.657615221206244,356,Female,Black_or_African_American,Professionals
Intel,9.23247436963148,4998,Female,Asian,Professionals
Intel,0.652073519903944,353,Female,Minorities ,Professionals
Intel,2.30350050798929,1247,Male,Hispanic_or_Latino,Supportive workers
Intel,9.91225639604692,5366,Male,White,Supportive workers
Intel,0.993811766879099,538,Male,Black_or_African_American,Supportive workers
Intel,1.9765401311536,1070,Male,Asian,Supportive workers
Intel,0.550475662695114,298,Male,Minorities ,Supportive workers
Intel,0.75182414334534,407,Female,Hispanic_or_Latino,Supportive workers
Intel,2.70435023552231,1464,Female,White,Supportive workers
Intel,0.236445922231458,128,Female,Black_or_African_American,Supportive workers
Intel,0.9494781564607,514,Female,Asian,Supportive workers
Intel,0.229056987161725,124,Female,Minorities ,Supportive workers
Intuit,0.0338352224665877,2,Male,Hispanic_or_Latino,Executives
Intuit,0.896633395364575,53,Male,White,Executives
Intuit,0.0169176112332939,1,Male,Black_or_African_American,Executives
Intuit,0.287599390965996,17,Male,Asian,Executives
Intuit,0,0,Male,Minorities ,Executives
Intuit,0,0,Female,Hispanic_or_Latino,Executives
Intuit,0.406022669599053,24,Female,White,Executives
Intuit,0,0,Female,Black_or_African_American,Executives
Intuit,0.0676704449331754,4,Female,Asian,Executives
Intuit,0.0338352224665877,2,Female,Minorities ,Executives
Intuit,0.52444594823211,31,Male,Hispanic_or_Latino,Managers
Intuit,6.00575198781932,355,Male,White,Managers
Intuit,0.186093723566232,11,Male,Black_or_African_American,Managers
Intuit,2.08086618169514,123,Male,Asian,Managers
Intuit,0.253764168499408,15,Male,Minorities ,Managers
Intuit,0.304517002199289,18,Female,Hispanic_or_Latino,Managers
Intuit,4.46624936558958,264,Female,White,Managers
Intuit,0.287599390965996,17,Female,Black_or_African_American,Managers
Intuit,1.40416173236339,83,Female,Asian,Managers
Intuit,0.135340889866351,8,Female,Minorities ,Managers
Intuit,2.18237184909491,129,Male,Hispanic_or_Latino,Professionals
Intuit,17.2390458467264,1019,Male,White,Professionals
Intuit,0.659786838098461,39,Male,Black_or_African_American,Professionals
Intuit,13.872441211301,820,Male,Asian,Professionals
Intuit,0.879715784131281,52,Male,Minorities ,Professionals
Intuit,1.0996447301641,65,Female,Hispanic_or_Latino,Professionals
Intuit,9.65995601421079,571,Female,White,Professionals
Intuit,0.52444594823211,31,Female,Black_or_African_American,Professionals
Intuit,9.00016917611233,532,Female,Asian,Professionals
Intuit,0.710539671798342,42,Female,Minorities ,Professionals
Intuit,1.99627812552868,118,Male,Hispanic_or_Latino,Supportive workers
Intuit,7.10539671798342,420,Male,White,Supportive workers
Intuit,0.96430384029775,57,Male,Black_or_African_American,Supportive workers
Intuit,1.40416173236339,83,Male,Asian,Supportive workers
Intuit,0.473693114532228,28,Male,Minorities ,Supportive workers
Intuit,2.25004229402808,133,Female,Hispanic_or_Latino,Supportive workers
Intuit,8.42497039418034,498,Female,White,Supportive workers
Intuit,1.35340889866351,80,Female,Black_or_African_American,Supportive workers
Intuit,1.84401962442903,109,Female,Asian,Supportive workers
Intuit,0.96430384029775,57,Female,Minorities ,Supportive workers
Linkedin,0.0601051840721262,4,Male,Hispanic_or_Latino,Executives
Linkedin,1.90833959429001,127,Male,White,Executives
Linkedin,0.0150262960180316,1,Male,Black_or_African_American,Executives
Linkedin,1.02178812922615,68,Male,Asian,Executives
Linkedin,0.0901577761081893,6,Male,Minorities ,Executives
Linkedin,0.120210368144252,8,Female,Hispanic_or_Latino,Executives
Linkedin,1.12697220135237,75,Female,White,Executives
Linkedin,0.0150262960180316,1,Female,Black_or_African_American,Executives
Linkedin,0.495867768595041,33,Female,Asian,Executives
Linkedin,0.0450788880540947,3,Female,Minorities ,Executives
Linkedin,0.225394440270473,15,Male,Hispanic_or_Latino,Managers
Linkedin,4.25244177310293,283,Male,White,Managers
Linkedin,0.120210368144252,8,Male,Black_or_African_American,Managers
Linkedin,3.08039068369647,205,Male,Asian,Managers
Linkedin,0.19534184823441,13,Male,Minorities ,Managers
Linkedin,0.240420736288505,16,Female,Hispanic_or_Latino,Managers
Linkedin,2.61457550713749,174,Female,White,Managers
Linkedin,0.120210368144252,8,Female,Black_or_African_American,Managers
Linkedin,1.44252441773103,96,Female,Asian,Managers
Linkedin,0.150262960180316,10,Female,Minorities ,Managers
Linkedin,1.77310293012772,118,Male,Hispanic_or_Latino,Professionals
Linkedin,16.8595041322314,1122,Male,White,Professionals
Linkedin,0.781367392937641,52,Male,Black_or_African_American,Professionals
Linkedin,18.8880540946657,1257,Male,Asian,Professionals
Linkedin,0.826446280991736,55,Male,Minorities ,Professionals
Linkedin,1.36739293764087,91,Female,Hispanic_or_Latino,Professionals
Linkedin,10.7588279489106,716,Female,White,Professionals
Linkedin,0.510894064613073,34,Female,Black_or_African_American,Professionals
Linkedin,10.1126972201352,673,Female,Asian,Professionals
Linkedin,0.555972952667168,37,Female,Minorities ,Professionals
Linkedin,0.48084147257701,32,Male,Hispanic_or_Latino,Supportive workers
Linkedin,7.54320060105184,502,Male,White,Supportive workers
Linkedin,0.570999248685199,38,Male,Black_or_African_American,Supportive workers
Linkedin,0.736288504883546,49,Male,Asian,Supportive workers
Linkedin,0.345604808414726,23,Male,Minorities ,Supportive workers
Linkedin,0.48084147257701,32,Female,Hispanic_or_Latino,Supportive workers
Linkedin,8.44477836213373,562,Female,White,Supportive workers
Linkedin,0.405709992486852,27,Female,Black_or_African_American,Supportive workers
Linkedin,0.96168294515402,64,Female,Asian,Supportive workers
Linkedin,0.255447032306536,17,Female,Minorities ,Supportive workers
Lyft,0,0,Male,Hispanic_or_Latino,Executives
Lyft,0.697836706210747,10,Male,White,Executives
Lyft,0.0697836706210747,1,Male,Black_or_African_American,Executives
Lyft,0.0697836706210747,1,Male,Asian,Executives
Lyft,0,0,Male,Minorities ,Executives
Lyft,0,0,Female,Hispanic_or_Latino,Executives
Lyft,0.209351011863224,3,Female,White,Executives
Lyft,0,0,Female,Black_or_African_American,Executives
Lyft,0,0,Female,Asian,Executives
Lyft,0,0,Female,Minorities ,Executives
Lyft,0.558269364968597,8,Male,Hispanic_or_Latino,Managers
Lyft,8.30425680390789,119,Male,White,Managers
Lyft,0.209351011863224,3,Male,Black_or_African_American,Managers
Lyft,1.95394277739009,28,Male,Asian,Managers
Lyft,0.348918353105373,5,Male,Minorities ,Managers
Lyft,0.279134682484299,4,Female,Hispanic_or_Latino,Managers
Lyft,5.09420795533845,73,Female,White,Managers
Lyft,0,0,Female,Black_or_African_American,Managers
Lyft,0.907187718073971,13,Female,Asian,Managers
Lyft,0.418702023726448,6,Female,Minorities ,Managers
Lyft,2.09351011863224,30,Male,Hispanic_or_Latino,Professionals
Lyft,16.3991625959525,235,Male,White,Professionals
Lyft,0.976971388695045,14,Male,Black_or_African_American,Professionals
Lyft,9.14166085136078,131,Male,Asian,Professionals
Lyft,1.11653872993719,16,Male,Minorities ,Professionals
Lyft,1.32588974180042,19,Female,Hispanic_or_Latino,Professionals
Lyft,10.8862526168876,156,Female,White,Professionals
Lyft,0.697836706210747,10,Female,Black_or_African_American,Professionals
Lyft,4.46615491974878,64,Female,Asian,Professionals
Lyft,0.558269364968597,8,Female,Minorities ,Professionals
Lyft,1.25610607117934,18,Male,Hispanic_or_Latino,Supportive workers
Lyft,11.0956036287509,159,Male,White,Supportive workers
Lyft,1.67480809490579,24,Male,Black_or_African_American,Supportive workers
Lyft,0.976971388695045,14,Male,Asian,Supportive workers
Lyft,0.558269364968597,8,Male,Minorities ,Supportive workers
Lyft,1.53524075366364,22,Female,Hispanic_or_Latino,Supportive workers
Lyft,11.3747383112352,163,Female,White,Supportive workers
Lyft,3.07048150732729,44,Female,Black_or_African_American,Supportive workers
Lyft,0.907187718073971,13,Female,Asian,Supportive workers
Lyft,0.767620376831821,11,Female,Minorities ,Supportive workers
MobileIron,0,0,Male,Hispanic_or_Latino,Executives
MobileIron,1.38339920948617,7,Male,White,Executives
MobileIron,0,0,Male,Black_or_African_American,Executives
MobileIron,0.790513833992095,4,Male,Asian,Executives
MobileIron,0.197628458498024,1,Male,Minorities ,Executives
MobileIron,0,0,Female,Hispanic_or_Latino,Executives
MobileIron,0.395256916996047,2,Female,White,Executives
MobileIron,0,0,Female,Black_or_African_American,Executives
MobileIron,0.197628458498024,1,Female,Asian,Executives
MobileIron,0,0,Female,Minorities ,Executives
MobileIron,1.38339920948617,7,Male,Hispanic_or_Latino,Managers
MobileIron,6.71936758893281,34,Male,White,Managers
MobileIron,0,0,Male,Black_or_African_American,Managers
MobileIron,3.16205533596838,16,Male,Asian,Managers
MobileIron,0.395256916996047,2,Male,Minorities ,Managers
MobileIron,0,0,Female,Hispanic_or_Latino,Managers
MobileIron,0.988142292490119,5,Female,White,Managers
MobileIron,0,0,Female,Black_or_African_American,Managers
MobileIron,1.77865612648221,9,Female,Asian,Managers
MobileIron,0.197628458498024,1,Female,Minorities ,Managers
MobileIron,1.58102766798419,8,Male,Hispanic_or_Latino,Professionals
MobileIron,21.1462450592885,107,Male,White,Professionals
MobileIron,0.988142292490119,5,Male,Black_or_African_American,Professionals
MobileIron,15.8102766798419,80,Male,Asian,Professionals
MobileIron,0.197628458498024,1,Male,Minorities ,Professionals
MobileIron,0.988142292490119,5,Female,Hispanic_or_Latino,Professionals
MobileIron,7.31225296442688,37,Female,White,Professionals
MobileIron,0.592885375494071,3,Female,Black_or_African_American,Professionals
MobileIron,14.0316205533597,71,Female,Asian,Professionals
MobileIron,0.395256916996047,2,Female,Minorities ,Professionals
MobileIron,1.18577075098814,6,Male,Hispanic_or_Latino,Supportive workers
MobileIron,12.2529644268775,62,Male,White,Supportive workers
MobileIron,0,0,Male,Black_or_African_American,Supportive workers
MobileIron,1.38339920948617,7,Male,Asian,Supportive workers
MobileIron,0.592885375494071,3,Male,Minorities ,Supportive workers
MobileIron,0.592885375494071,3,Female,Hispanic_or_Latino,Supportive workers
MobileIron,2.17391304347826,11,Female,White,Supportive workers
MobileIron,0.197628458498024,1,Female,Black_or_African_American,Supportive workers
MobileIron,0.592885375494071,3,Female,Asian,Supportive workers
MobileIron,0.395256916996047,2,Female,Minorities ,Supportive workers
NetApp,0,0,Male,Hispanic_or_Latino,Executives
NetApp,0.422460834360148,24,Male,White,Executives
NetApp,0.0352050695300123,2,Male,Black_or_African_American,Executives
NetApp,0.0176025347650062,1,Male,Asian,Executives
NetApp,0,0,Male,Minorities ,Executives
NetApp,0.0176025347650062,1,Female,Hispanic_or_Latino,Executives
NetApp,0.0528076042950185,3,Female,White,Executives
NetApp,0.0176025347650062,1,Female,Black_or_African_American,Executives
NetApp,0.0528076042950185,3,Female,Asian,Executives
NetApp,0.0176025347650062,1,Female,Minorities ,Executives
NetApp,0.545678577715191,31,Male,Hispanic_or_Latino,Managers
NetApp,9.10051047350819,517,Male,White,Managers
NetApp,0.22883295194508,13,Male,Black_or_African_American,Managers
NetApp,2.93962330575603,167,Male,Asian,Managers
NetApp,0.193627882415068,11,Male,Minorities ,Managers
NetApp,0.193627882415068,11,Female,Hispanic_or_Latino,Managers
NetApp,2.99243091005105,170,Female,White,Managers
NetApp,0.158422812885055,9,Female,Black_or_African_American,Managers
NetApp,1.26738250308044,72,Female,Asian,Managers
NetApp,0.0352050695300123,2,Female,Minorities ,Managers
NetApp,1.83066361556064,104,Male,Hispanic_or_Latino,Professionals
NetApp,31.8957929941912,1812,Male,White,Professionals
NetApp,1.56662559408555,89,Male,Black_or_African_American,Professionals
NetApp,15.1029748283753,858,Male,Asian,Professionals
NetApp,0.862524203485302,49,Male,Minorities ,Professionals
NetApp,1.02094701637036,58,Female,Hispanic_or_Latino,Professionals
NetApp,7.93874317901778,451,Female,White,Professionals
NetApp,0.774511529660271,44,Female,Black_or_African_American,Professionals
NetApp,6.98820630170745,397,Female,Asian,Professionals
NetApp,0.352050695300123,20,Female,Minorities ,Professionals
NetApp,0.387255764830136,22,Male,Hispanic_or_Latino,Supportive workers
NetApp,9.57577891216335,544,Male,White,Supportive workers
NetApp,0.281640556240099,16,Male,Black_or_African_American,Supportive workers
NetApp,0.862524203485302,49,Male,Asian,Supportive workers
NetApp,0.140820278120049,8,Male,Minorities ,Supportive workers
NetApp,0.0704101390600246,4,Female,Hispanic_or_Latino,Supportive workers
NetApp,1.68984333744059,96,Female,White,Supportive workers
NetApp,0.123217743355043,7,Female,Black_or_African_American,Supportive workers
NetApp,0.22883295194508,13,Female,Asian,Supportive workers
NetApp,0.0176025347650062,1,Female,Minorities ,Supportive workers
Nvidia,0.149588631264024,8,Male,Hispanic_or_Latino,Executives
Nvidia,5.06731488406881,271,Male,White,Executives
Nvidia,0,0,Male,Black_or_African_American,Executives
Nvidia,2.4869109947644,133,Male,Asian,Executives
Nvidia,0.056095736724009,3,Male,Minorities ,Executives
Nvidia,0.037397157816006,2,Female,Hispanic_or_Latino,Executives
Nvidia,0.598354525056096,32,Female,White,Executives
Nvidia,0.037397157816006,2,Female,Black_or_African_American,Executives
Nvidia,0.336574420344054,18,Female,Asian,Executives
Nvidia,0,0,Female,Minorities ,Executives
Nvidia,0.392670157068063,21,Male,Hispanic_or_Latino,Managers
Nvidia,4.31937172774869,231,Male,White,Managers
Nvidia,0.168287210172027,9,Male,Black_or_African_American,Managers
Nvidia,4.58115183246073,245,Male,Asian,Managers
Nvidia,0.037397157816006,2,Male,Minorities ,Managers
Nvidia,0.130890052356021,7,Female,Hispanic_or_Latino,Managers
Nvidia,0.785340314136126,42,Female,White,Managers
Nvidia,0.018698578908003,1,Female,Black_or_African_American,Managers
Nvidia,1.47718773373224,79,Female,Asian,Managers
Nvidia,0,0,Female,Minorities ,Managers
Nvidia,1.73896783844428,93,Male,Hispanic_or_Latino,Professionals
Nvidia,28.0852655198205,1502,Male,White,Professionals
Nvidia,0.504861630516081,27,Male,Black_or_African_American,Professionals
Nvidia,32.5542258788332,1741,Male,Asian,Professionals
Nvidia,0.411368735976066,22,Male,Minorities ,Professionals
Nvidia,0.37397157816006,20,Female,Hispanic_or_Latino,Professionals
Nvidia,3.01047120418848,161,Female,White,Professionals
Nvidia,0.18698578908003,10,Female,Black_or_African_American,Professionals
Nvidia,8.7696335078534,469,Female,Asian,Professionals
Nvidia,0.112191473448018,6,Female,Minorities ,Professionals
Nvidia,0.261780104712042,14,Male,Hispanic_or_Latino,Supportive workers
Nvidia,0.579655946148093,31,Male,White,Supportive workers
Nvidia,0.018698578908003,1,Male,Black_or_African_American,Supportive workers
Nvidia,1.38369483919222,74,Male,Asian,Supportive workers
Nvidia,0.018698578908003,1,Male,Minorities ,Supportive workers
Nvidia,0.299177262528048,16,Female,Hispanic_or_Latino,Supportive workers
Nvidia,0.448765893792072,24,Female,White,Supportive workers
Nvidia,0.037397157816006,2,Female,Black_or_African_American,Supportive workers
Nvidia,0.467464472700075,25,Female,Asian,Supportive workers
Nvidia,0.056095736724009,3,Female,Minorities ,Supportive workers
PayPal,0.0293341155764154,3,Male,Hispanic_or_Latino,Executives
PayPal,0.537792118900948,55,Male,White,Executives
PayPal,0.00977803852547179,1,Male,Black_or_African_American,Executives
PayPal,0.0782243082037743,8,Male,Asian,Executives
PayPal,0.0195560770509436,2,Male,Minorities ,Executives
PayPal,0.0195560770509436,2,Female,Hispanic_or_Latino,Executives
PayPal,0.16622665493302,17,Female,White,Executives
PayPal,0.0195560770509436,2,Female,Black_or_African_American,Executives
PayPal,0.00977803852547179,1,Female,Asian,Executives
PayPal,0,0,Female,Minorities ,Executives
PayPal,0.440011733646231,45,Male,Hispanic_or_Latino,Managers
PayPal,6.54150777354063,669,Male,White,Managers
PayPal,0.27378507871321,28,Male,Black_or_African_American,Managers
PayPal,2.93341155764154,300,Male,Asian,Managers
PayPal,0.16622665493302,17,Male,Minorities ,Managers
PayPal,0.322675271340569,33,Female,Hispanic_or_Latino,Managers
PayPal,4.56634399139533,467,Female,White,Managers
PayPal,0.27378507871321,28,Female,Black_or_African_American,Managers
PayPal,2.15116847560379,220,Female,Asian,Managers
PayPal,0.0782243082037743,8,Female,Minorities ,Managers
PayPal,1.0755842378019,110,Male,Hispanic_or_Latino,Professionals
PayPal,12.9656790847756,1326,Male,White,Professionals
PayPal,0.870245428766989,89,Male,Black_or_African_American,Professionals
PayPal,13.9728170528992,1429,Male,Asian,Professionals
PayPal,0.244450963136795,25,Male,Minorities ,Professionals
PayPal,0.645350542681138,66,Female,Hispanic_or_Latino,Professionals
PayPal,5.9254913464359,606,Female,White,Professionals
PayPal,0.469345849222646,48,Female,Black_or_African_American,Professionals
PayPal,6.87396108340667,703,Female,Asian,Professionals
PayPal,0.146670577882077,15,Female,Minorities ,Professionals
PayPal,1.87738339689058,192,Male,Hispanic_or_Latino,Supportive workers
PayPal,11.7434242690916,1201,Male,White,Supportive workers
PayPal,2.02405397477266,207,Male,Black_or_African_American,Supportive workers
PayPal,0.909357582868876,93,Male,Asian,Supportive workers
PayPal,0.391121541018872,40,Male,Minorities ,Supportive workers
PayPal,1.98494182067077,203,Female,Hispanic_or_Latino,Supportive workers
PayPal,13.3568006257945,1366,Female,White,Supportive workers
PayPal,4.44900752908966,455,Female,Black_or_African_American,Supportive workers
PayPal,0.860467390241518,88,Female,Asian,Supportive workers
PayPal,0.576904273002836,59,Female,Minorities ,Supportive workers
Pinterest,0,0,Male,Hispanic_or_Latino,Executives
Pinterest,0.423728813559322,4,Male,White,Executives
Pinterest,0,0,Male,Black_or_African_American,Executives
Pinterest,0.211864406779661,2,Male,Asian,Executives
Pinterest,0.105932203389831,1,Male,Minorities ,Executives
Pinterest,0,0,Female,Hispanic_or_Latino,Executives
Pinterest,0,0,Female,White,Executives
Pinterest,0,0,Female,Black_or_African_American,Executives
Pinterest,0,0,Female,Asian,Executives
Pinterest,0.105932203389831,1,Female,Minorities ,Executives
Pinterest,0.211864406779661,2,Male,Hispanic_or_Latino,Managers
Pinterest,0.953389830508475,9,Male,White,Managers
Pinterest,0.105932203389831,1,Male,Black_or_African_American,Managers
Pinterest,1.0593220338983,10,Male,Asian,Managers
Pinterest,0.105932203389831,1,Male,Minorities ,Managers
Pinterest,0,0,Female,Hispanic_or_Latino,Managers
Pinterest,0.953389830508475,9,Female,White,Managers
Pinterest,0.105932203389831,1,Female,Black_or_African_American,Managers
Pinterest,0.529661016949152,5,Female,Asian,Managers
Pinterest,0.211864406779661,2,Female,Minorities ,Managers
Pinterest,1.48305084745763,14,Male,Hispanic_or_Latino,Professionals
Pinterest,20.8686440677966,197,Male,White,Professionals
Pinterest,1.0593220338983,10,Male,Black_or_African_American,Professionals
Pinterest,22.8813559322034,216,Male,Asian,Professionals
Pinterest,2.22457627118644,21,Male,Minorities ,Professionals
Pinterest,1.48305084745763,14,Female,Hispanic_or_Latino,Professionals
Pinterest,16.8432203389831,159,Female,White,Professionals
Pinterest,0.741525423728814,7,Female,Black_or_African_American,Professionals
Pinterest,13.0296610169492,123,Female,Asian,Professionals
Pinterest,1.3771186440678,13,Female,Minorities ,Professionals
Pinterest,0.317796610169492,3,Male,Hispanic_or_Latino,Supportive workers
Pinterest,3.8135593220339,36,Male,White,Supportive workers
Pinterest,0.105932203389831,1,Male,Black_or_African_American,Supportive workers
Pinterest,0.847457627118644,8,Male,Asian,Supportive workers
Pinterest,0.105932203389831,1,Male,Minorities ,Supportive workers
Pinterest,0.211864406779661,2,Female,Hispanic_or_Latino,Supportive workers
Pinterest,6.35593220338983,60,Female,White,Supportive workers
Pinterest,0,0,Female,Black_or_African_American,Supportive workers
Pinterest,1.0593220338983,10,Female,Asian,Supportive workers
Pinterest,0.105932203389831,1,Female,Minorities ,Supportive workers
Salesforce,0.0339766240826311,5,Male,Hispanic_or_Latino,Executives
Salesforce,0.998912748029356,147,Male,White,Executives
Salesforce,0,0,Male,Black_or_African_American,Executives
Salesforce,0.16308779559663,24,Male,Asian,Executives
Salesforce,0.0203859744495787,3,Male,Minorities ,Executives
Salesforce,0.0203859744495787,3,Female,Hispanic_or_Latino,Executives
Salesforce,0.30578961674368,45,Female,White,Executives
Salesforce,0,0,Female,Black_or_African_American,Executives
Salesforce,0.0611579233487361,9,Female,Asian,Executives
Salesforce,0.00679532481652623,1,Female,Minorities ,Executives
Salesforce,0.394128839358521,58,Male,Hispanic_or_Latino,Managers
Salesforce,8.95623810818157,1318,Male,White,Managers
Salesforce,0.224245718945366,33,Male,Black_or_African_American,Managers
Salesforce,2.3579777113346,347,Male,Asian,Managers
Salesforce,0.265017667844523,39,Male,Minorities ,Managers
Salesforce,0.183473770046208,27,Female,Hispanic_or_Latino,Managers
Salesforce,3.76460994835553,554,Female,White,Managers
Salesforce,0.10872519706442,16,Female,Black_or_African_American,Managers
Salesforce,1.2435444414243,183,Female,Asian,Managers
Salesforce,0.183473770046208,27,Female,Minorities ,Managers
Salesforce,1.42701821147051,210,Male,Hispanic_or_Latino,Professionals
Salesforce,21.7382440880674,3199,Male,White,Professionals
Salesforce,0.8290296276162,122,Male,Black_or_African_American,Professionals
Salesforce,12.5985322098396,1854,Male,Asian,Professionals
Salesforce,0.930959499864093,137,Male,Minorities ,Professionals
Salesforce,0.733895080184833,108,Female,Hispanic_or_Latino,Professionals
Salesforce,9.9483555313944,1464,Female,White,Professionals
Salesforce,0.455286762707257,67,Female,Black_or_African_American,Professionals
Salesforce,5.95270453927698,876,Female,Asian,Professionals
Salesforce,0.557216634955151,82,Female,Minorities ,Professionals
Salesforce,0.713509105735254,105,Male,Hispanic_or_Latino,Supportive workers
Salesforce,14.3313400380538,2109,Male,White,Supportive workers
Salesforce,0.441696113074205,65,Male,Black_or_African_American,Supportive workers
Salesforce,1.1144332699103,164,Male,Asian,Supportive workers
Salesforce,0.543625985322098,80,Male,Minorities ,Supportive workers
Salesforce,0.441696113074205,65,Female,Hispanic_or_Latino,Supportive workers
Salesforce,6.51671649904865,959,Female,White,Supportive workers
Salesforce,0.285403642294102,42,Female,Black_or_African_American,Supportive workers
Salesforce,0.815438977983147,120,Female,Asian,Supportive workers
Salesforce,0.332970916009785,49,Female,Minorities ,Supportive workers
Sanmina,0.0768491834774256,4,Male,Hispanic_or_Latino,Executives
Sanmina,1.78674351585014,93,Male,White,Executives
Sanmina,0.0384245917387128,2,Male,Black_or_African_American,Executives
Sanmina,0.249759846301633,13,Male,Asian,Executives
Sanmina,0,0,Male,Minorities ,Executives
Sanmina,0,0,Female,Hispanic_or_Latino,Executives
Sanmina,0.134486071085495,7,Female,White,Executives
Sanmina,0,0,Female,Black_or_African_American,Executives
Sanmina,0.0576368876080692,3,Female,Asian,Executives
Sanmina,0,0,Female,Minorities ,Executives
Sanmina,1.01825168107589,53,Male,Hispanic_or_Latino,Managers
Sanmina,5.84053794428434,304,Male,White,Managers
Sanmina,0.0960614793467819,5,Male,Black_or_African_American,Managers
Sanmina,1.07588856868396,56,Male,Asian,Managers
Sanmina,0.0768491834774256,4,Male,Minorities ,Managers
Sanmina,0.307396733909702,16,Female,Hispanic_or_Latino,Managers
Sanmina,2.38232468780019,124,Female,White,Managers
Sanmina,0.0960614793467819,5,Female,Black_or_African_American,Managers
Sanmina,0.441882804995197,23,Female,Asian,Managers
Sanmina,0.0192122958693564,1,Female,Minorities ,Managers
Sanmina,0.883765609990394,46,Male,Hispanic_or_Latino,Professionals
Sanmina,10.240153698367,533,Male,White,Professionals
Sanmina,0.557156580211335,29,Male,Black_or_African_American,Professionals
Sanmina,2.49759846301633,130,Male,Asian,Professionals
Sanmina,0.153698366954851,8,Male,Minorities ,Professionals
Sanmina,0.557156580211335,29,Female,Hispanic_or_Latino,Professionals
Sanmina,4.41882804995197,230,Female,White,Professionals
Sanmina,0.403458213256484,21,Female,Black_or_African_American,Professionals
Sanmina,1.92122958693564,100,Female,Asian,Professionals
Sanmina,0.115273775216138,6,Female,Minorities ,Professionals
Sanmina,5.91738712776177,308,Male,Hispanic_or_Latino,Supportive workers
Sanmina,17.1181556195965,891,Male,White,Supportive workers
Sanmina,2.65129682997118,138,Male,Black_or_African_American,Supportive workers
Sanmina,10.2209414024976,532,Male,Asian,Supportive workers
Sanmina,0.461095100864553,24,Male,Minorities ,Supportive workers
Sanmina,2.63208453410182,137,Female,Hispanic_or_Latino,Supportive workers
Sanmina,15.8885686839577,827,Female,White,Supportive workers
Sanmina,2.45917387127762,128,Female,Black_or_African_American,Supportive workers
Sanmina,6.95485110470701,362,Female,Asian,Supportive workers
Sanmina,0.249759846301633,13,Female,Minorities ,Supportive workers
Square,0,0,Male,Hispanic_or_Latino,Executives
Square,0.350672121566335,6,Male,White,Executives
Square,0,0,Male,Black_or_African_American,Executives
Square,0.0584453535943892,1,Male,Asian,Executives
Square,0,0,Male,Minorities ,Executives
Square,0,0,Female,Hispanic_or_Latino,Executives
Square,0.233781414377557,4,Female,White,Executives
Square,0,0,Female,Black_or_African_American,Executives
Square,0,0,Female,Asian,Executives
Square,0,0,Female,Minorities ,Executives
Square,0.292226767971946,5,Male,Hispanic_or_Latino,Managers
Square,7.24722384570427,124,Male,White,Managers
Square,0.0584453535943892,1,Male,Black_or_African_American,Managers
Square,2.10403272939801,36,Male,Asian,Managers
Square,0.409117475160725,7,Male,Minorities ,Managers
Square,0.467562828755114,8,Female,Hispanic_or_Latino,Managers
Square,2.80537697253068,48,Female,White,Managers
Square,0.116890707188778,2,Female,Black_or_African_American,Managers
Square,1.22735242548217,21,Female,Asian,Managers
Square,0.233781414377557,4,Female,Minorities ,Managers
Square,1.16890707188778,20,Male,Hispanic_or_Latino,Professionals
Square,24.7223845704267,423,Male,White,Professionals
Square,0.642898889538282,11,Male,Black_or_African_American,Professionals
Square,10.5201636469901,180,Male,Asian,Professionals
Square,1.57802454704851,27,Male,Minorities ,Professionals
Square,0.75978959672706,13,Female,Hispanic_or_Latino,Professionals
Square,8.35768556399766,143,Female,White,Professionals
Square,0.350672121566335,6,Female,Black_or_African_American,Professionals
Square,6.25365283459965,107,Female,Asian,Professionals
Square,0.701344243132671,12,Female,Minorities ,Professionals
Square,1.87025131502046,32,Male,Hispanic_or_Latino,Supportive workers
Square,8.88369374634717,152,Male,White,Supportive workers
Square,2.1624780829924,37,Male,Black_or_African_American,Supportive workers
Square,2.51315020455874,43,Male,Asian,Supportive workers
Square,0.818234950321449,14,Male,Minorities ,Supportive workers
Square,1.34424313267095,23,Female,Hispanic_or_Latino,Supportive workers
Square,7.5978959672706,130,Female,White,Supportive workers
Square,1.51957919345412,26,Female,Black_or_African_American,Supportive workers
Square,1.75336060783168,30,Female,Asian,Supportive workers
Square,0.876680303915839,15,Female,Minorities ,Supportive workers
Twitter,0,0,Male,Hispanic_or_Latino,Executives
Twitter,0.846883468834688,25,Male,White,Executives
Twitter,0,0,Male,Black_or_African_American,Executives
Twitter,0.2710027100271,8,Male,Asian,Executives
Twitter,0.0338753387533875,1,Male,Minorities ,Executives
Twitter,0,0,Female,Hispanic_or_Latino,Executives
Twitter,0.237127371273713,7,Female,White,Executives
Twitter,0,0,Female,Black_or_African_American,Executives
Twitter,0.203252032520325,6,Female,Asian,Executives
Twitter,0,0,Female,Minorities ,Executives
Twitter,0.237127371273713,7,Male,Hispanic_or_Latino,Managers
Twitter,5.99593495934959,177,Male,White,Managers
Twitter,0.203252032520325,6,Male,Black_or_African_American,Managers
Twitter,2.13414634146341,63,Male,Asian,Managers
Twitter,0.13550135501355,4,Male,Minorities ,Managers
Twitter,0.237127371273713,7,Female,Hispanic_or_Latino,Managers
Twitter,3.31978319783198,98,Female,White,Managers
Twitter,0.101626016260163,3,Female,Black_or_African_American,Managers
Twitter,1.01626016260163,30,Female,Asian,Managers
Twitter,0.13550135501355,4,Female,Minorities ,Managers
Twitter,2.03252032520325,60,Male,Hispanic_or_Latino,Professionals
Twitter,26.7615176151761,790,Male,White,Professionals
Twitter,1.05013550135501,31,Male,Black_or_African_American,Professionals
Twitter,17.479674796748,516,Male,Asian,Professionals
Twitter,1.05013550135501,31,Male,Minorities ,Professionals
Twitter,0.982384823848238,29,Female,Hispanic_or_Latino,Professionals
Twitter,10.6368563685637,314,Female,White,Professionals
Twitter,0.609756097560976,18,Female,Black_or_African_American,Professionals
Twitter,7.8929539295393,233,Female,Asian,Professionals
Twitter,0.880758807588076,26,Female,Minorities ,Professionals
Twitter,0.474254742547425,14,Male,Hispanic_or_Latino,Supportive workers
Twitter,4.74254742547426,140,Male,White,Supportive workers
Twitter,0.372628726287263,11,Male,Black_or_African_American,Supportive workers
Twitter,0.745257452574526,22,Male,Asian,Supportive workers
Twitter,0.0677506775067751,2,Male,Minorities ,Supportive workers
Twitter,0.575880758807588,17,Female,Hispanic_or_Latino,Supportive workers
Twitter,6.06368563685637,179,Female,White,Supportive workers
Twitter,0.237127371273713,7,Female,Black_or_African_American,Supportive workers
Twitter,1.79539295392954,53,Female,Asian,Supportive workers
Twitter,0.440379403794038,13,Female,Minorities ,Supportive workers
Uber,0,0,Male,Hispanic_or_Latino,Executives
Uber,1.24044180118946,73,Male,White,Executives
Uber,0.0169923534409516,1,Male,Black_or_African_American,Executives
Uber,0.441801189464741,26,Male,Asian,Executives
Uber,0.0169923534409516,1,Male,Minorities ,Executives
Uber,0.0339847068819031,2,Female,Hispanic_or_Latino,Executives
Uber,0.458793542905692,27,Female,White,Executives
Uber,0.0169923534409516,1,Female,Black_or_African_American,Executives
Uber,0.101954120645709,6,Female,Asian,Executives
Uber,0.0169923534409516,1,Female,Minorities ,Executives
Uber,0.22090059473237,13,Male,Hispanic_or_Latino,Managers
Uber,7.00084961767205,412,Male,White,Managers
Uber,0.237892948173322,14,Male,Black_or_African_American,Managers
Uber,2.85471537807986,168,Male,Asian,Managers
Uber,0.203908241291419,12,Male,Minorities ,Managers
Uber,0.169923534409516,10,Female,Hispanic_or_Latino,Managers
Uber,2.58283772302464,152,Female,White,Managers
Uber,0.0849617672047579,5,Female,Black_or_African_American,Managers
Uber,0.934579439252336,55,Female,Asian,Managers
Uber,0.169923534409516,10,Female,Minorities ,Managers
Uber,1.63126593033135,96,Male,Hispanic_or_Latino,Professionals
Uber,25.9133389974511,1525,Male,White,Professionals
Uber,0.86661002548853,51,Male,Black_or_African_American,Professionals
Uber,21.1894647408666,1247,Male,Asian,Professionals
Uber,1.44435004248088,85,Male,Minorities ,Professionals
Uber,0.815632965165676,48,Female,Hispanic_or_Latino,Professionals
Uber,9.34579439252336,550,Female,White,Professionals
Uber,0.64570943075616,38,Female,Black_or_African_American,Professionals
Uber,7.30671197960918,430,Female,Asian,Professionals
Uber,0.662701784197111,39,Female,Minorities ,Professionals
Uber,1.10450297366185,65,Male,Hispanic_or_Latino,Supportive workers
Uber,3.99320305862362,235,Male,White,Supportive workers
Uber,1.20645709430756,71,Male,Black_or_African_American,Supportive workers
Uber,0.458793542905692,27,Male,Asian,Supportive workers
Uber,0.458793542905692,27,Male,Minorities ,Supportive workers
Uber,0.781648258283772,46,Female,Hispanic_or_Latino,Supportive workers
Uber,2.7357689039932,161,Female,White,Supportive workers
Uber,1.73322005097706,102,Female,Black_or_African_American,Supportive workers
Uber,0.458793542905692,27,Female,Asian,Supportive workers
Uber,0.441801189464741,26,Female,Minorities ,Supportive workers
View,0,0,Male,Hispanic_or_Latino,Executives
View,4.1304347826087,19,Male,White,Executives
View,0,0,Male,Black_or_African_American,Executives
View,2.17391304347826,10,Male,Asian,Executives
View,0.434782608695652,2,Male,Minorities ,Executives
View,0,0,Female,Hispanic_or_Latino,Executives
View,0.217391304347826,1,Female,White,Executives
View,0,0,Female,Black_or_African_American,Executives
View,0.434782608695652,2,Female,Asian,Executives
View,0,0,Female,Minorities ,Executives
View,0.217391304347826,1,Male,Hispanic_or_Latino,Managers
View,5.43478260869565,25,Male,White,Managers
View,0.652173913043478,3,Male,Black_or_African_American,Managers
View,0.652173913043478,3,Male,Asian,Managers
View,0.434782608695652,2,Male,Minorities ,Managers
View,0.217391304347826,1,Female,Hispanic_or_Latino,Managers
View,0.434782608695652,2,Female,White,Managers
View,0,0,Female,Black_or_African_American,Managers
View,0.434782608695652,2,Female,Asian,Managers
View,0,0,Female,Minorities ,Managers
View,2.17391304347826,10,Male,Hispanic_or_Latino,Professionals
View,12.1739130434783,56,Male,White,Professionals
View,0.217391304347826,1,Male,Black_or_African_American,Professionals
View,6.30434782608696,29,Male,Asian,Professionals
View,0.869565217391304,4,Male,Minorities ,Professionals
View,0,0,Female,Hispanic_or_Latino,Professionals
View,2.60869565217391,12,Female,White,Professionals
View,0.217391304347826,1,Female,Black_or_African_American,Professionals
View,3.47826086956522,16,Female,Asian,Professionals
View,0,0,Female,Minorities ,Professionals
View,1.52173913043478,7,Male,Hispanic_or_Latino,Supportive workers
View,26.304347826087,121,Male,White,Supportive workers
View,13.2608695652174,61,Male,Black_or_African_American,Supportive workers
View,5,23,Male,Asian,Supportive workers
View,1.08695652173913,5,Male,Minorities ,Supportive workers
View,0.217391304347826,1,Female,Hispanic_or_Latino,Supportive workers
View,5.21739130434783,24,Female,White,Supportive workers
View,1.08695652173913,5,Female,Black_or_African_American,Supportive workers
View,2.17391304347826,10,Female,Asian,Supportive workers
View,0.217391304347826,1,Female,Minorities ,Supportive workers